"HGVS","dbSNP","gnomAD frequency"
"NM_000090.4(COL3A1):c.4059T>G (p.His1353Gln)","rs1516446","0.99553"
"NM_000090.4(COL3A1):c.2283+219C>T","rs3134653","0.99411"
"NM_000090.4(COL3A1):c.1869+88C>T","rs3134654","0.99150"
"NM_000090.4(COL3A1):c.3823+276_3823+277insA","rs11458492","0.99118"
"NM_000090.4(COL3A1):c.2337+23T>A","rs2271682","0.72027"
"NM_000090.4(COL3A1):c.1051-94T>C","rs12693525","0.36503"
"NM_000090.4(COL3A1):c.282+85A>G","rs3106796","0.35585"
"NM_000090.4(COL3A1):c.951+223C>T","rs3134656","0.35521"
"NM_000090.4(COL3A1):c.799-56T>A","rs2203601","0.35509"
"NM_000090.4(COL3A1):c.1510-290C>T","rs3106798","0.34722"
"NM_000090.4(COL3A1):c.80-156A>G","rs16830973","0.34076"
"NM_000090.4(COL3A1):c.2244T>C (p.Gly748=)","rs1801184","0.27029"
"NM_000090.4(COL3A1):c.1761+174T>A","rs41263753","0.26807"
"NM_000090.4(COL3A1):c.2553+94C>T","rs3736490","0.26604"
"NM_000090.4(COL3A1):c.1662+92G>A","rs62181728","0.26499"
"NM_000090.4(COL3A1):c.1663-93T>C","rs62181730","0.24692"
"NM_000090.4(COL3A1):c.2553+56T>A","rs3736489","0.24215"
"NM_000090.4(COL3A1):c.1978-11C>T","rs13306272","0.24031"
"NM_000090.4(COL3A1):c.4255-216A>C","rs13028444","0.23619"
"NM_000090.4(COL3A1):c.*799_*800del","rs13306265","0.23375"
"NM_000090.4(COL3A1):c.3824-31C>A","rs10204508","0.23198"
"NM_000090.4(COL3A1):c.2092G>A (p.Ala698Thr)","rs1800255","0.21080"
"NM_000090.4(COL3A1):c.3255+84G>C","rs13306270","0.20275"
"NM_000090.4(COL3A1):c.852+160G>A","rs3736487","0.19139"
"NM_000090.4(COL3A1):c.798+181A>G","rs62181727","0.19099"
"NM_000090.4(COL3A1):c.528+228C>A","rs10210530","0.16875"
"NM_000090.4(COL3A1):c.1851G>A (p.Gln617=)","rs7579903","0.15955"
"NM_000090.4(COL3A1):c.1816-14G>C","rs7579815","0.15553"
"NM_000090.4(COL3A1):c.1510-274G>T","rs12105286","0.13017"
"NM_000090.4(COL3A1):c.1293+15T>A","rs2271679","0.12730"
"NM_000090.4(COL3A1):c.2608-50C>T","rs3765161","0.12570"
"NM_000090.4(COL3A1):c.2608-79G>A","rs3765160","0.12563"
"NM_000090.4(COL3A1):c.1924-184A>C","rs11902058","0.12381"
"NM_000090.4(COL3A1):c.1870-74G>A","rs2271680","0.12040"
"NM_000090.4(COL3A1):c.1608+114A>C","rs13306267","0.12025"
"NM_000090.4(COL3A1):c.1609-59T>C","rs13306269","0.12003"
"NM_000090.4(COL3A1):c.690+173T>A","rs12616391","0.11832"
"NM_000090.4(COL3A1):c.690+174T>C","rs58220378","0.11831"
"NM_000090.4(COL3A1):c.447+190T>C","rs10497695","0.11398"
"NM_000090.4(COL3A1):c.798+80A>G","rs13306275","0.10761"
"NM_000090.4(COL3A1):c.1663-91C>T","rs192889832","0.10611"
"NM_000090.4(COL3A1):c.1608+141A>G","rs13306268","0.10245"
"NM_000090.4(COL3A1):c.528+250T>A","rs7576108","0.10241"
"NM_000090.4(COL3A1):c.853-127A>G","rs3736488","0.10002"
"NM_000090.4(COL3A1):c.3202-90A>G","rs10168216","0.09133"
"NM_000090.4(COL3A1):c.3202-36C>T","rs10194304","0.09128"
"NM_000090.4(COL3A1):c.3202-40G>A","rs10194475","0.09121"
"NM_000090.4(COL3A1):c.3039+63A>C","rs7583195","0.09093"
"NM_000090.4(COL3A1):c.1815+18A>G","rs28413125","0.08030"
"NM_000090.4(COL3A1):c.799-303C>G","rs16830983","0.07740"
"NM_000090.4(COL3A1):c.4255-266G>A","rs10208311","0.07357"
"NM_000090.4(COL3A1):c.3525+23G>C","rs41265547","0.07099"
"NM_000090.4(COL3A1):c.4012-137T>G","rs35162377","0.06650"
"NM_000090.4(COL3A1):c.799-86A>G","rs16830984","0.05214"
"NM_000090.4(COL3A1):c.79+204T>C","rs41265571","0.04517"
"NM_000090.4(COL3A1):c.1924-102G>A","rs28736387","0.03411"
"NM_000090.4(COL3A1):c.690+24G>T","rs11886142","0.02980"
"NM_000090.4(COL3A1):c.690+162A>G","rs12619321","0.02510"
"NM_000090.4(COL3A1):c.4011+34A>G","rs41265549","0.02380"
"NM_000090.4(COL3A1):c.*43A>G","rs8224","0.02368"
"NM_000090.4(COL3A1):c.2661+22T>A","rs28763878","0.02332"
"NM_000090.4(COL3A1):c.1869+134G>A","rs73981459","0.02004"
"NM_000090.4(COL3A1):c.2662-92G>C","rs41263781","0.01948"
"NM_000090.4(COL3A1):c.2931+75T>A","rs73047659","0.01843"
"NM_000090.4(COL3A1):c.1257C>T (p.Ala419=)","rs41272837","0.01731"
"NM_000090.4(COL3A1):c.1770T>C (p.Pro590=)","rs80302667","0.01481"
"NM_000090.4(COL3A1):c.1662+95T>C","rs549358202","0.01466"
"NM_000090.4(COL3A1):c.1662+94A>G","rs1040194083","0.01436"
"NM_000090.4(COL3A1):c.1662+96A>G","rs901717744","0.01257"
"NM_000090.4(COL3A1):c.637-243G>A","rs56107615","0.01157"
"NM_000090.4(COL3A1):c.3525+19del","rs138061246","0.01018"
"NM_000090.4(COL3A1):c.80-16C>T","rs28763875","0.00877"
"NM_000090.4(COL3A1):c.*34T>G","rs191843385","0.00838"
"NM_000090.4(COL3A1):c.583-8C>T","rs10166835","0.00660"
"NM_000090.4(COL3A1):c.*88C>T","rs11162","0.00655"
"NM_000090.4(COL3A1):c.1816-19T>C","rs114299724","0.00650"
"NM_000090.4(COL3A1):c.1870-49T>C","rs2271681","0.00616"
"NM_000090.4(COL3A1):c.3256-28G>A","rs200449080","0.00608"
"NM_000090.4(COL3A1):c.*592T>A","rs115345151","0.00599"
"NM_000090.4(COL3A1):c.*354C>T","rs41265555","0.00589"
"NM_000090.4(COL3A1):c.2035G>A (p.Ala679Thr)","rs41263773","0.00584"
"NM_000090.4(COL3A1):c.1804C>A (p.Pro602Thr)","rs35795890","0.00503"
"NM_000090.4(COL3A1):c.-80G>A","rs41265575","0.00470"
"NM_000090.4(COL3A1):c.2022+5T>C","rs41263765","0.00448"
"NM_000090.4(COL3A1):c.4059= (p.His1353=)","rs1516446","0.00447"
"NM_000090.4(COL3A1):c.3654G>T (p.Pro1218=)","rs35759441","0.00430"
"NM_000090.4(COL3A1):c.1659T>A (p.Pro553=)","rs41263751","0.00412"
"NM_000090.4(COL3A1):c.528+22C>T","rs16830979","0.00372"
"NM_000090.4(COL3A1):c.3039+16T>G","rs41264443","0.00243"
"NM_000090.4(COL3A1):c.1927T>C (p.Leu643=)","rs41263757","0.00240"
"NM_000090.4(COL3A1):c.3613A>G (p.Ile1205Val)","rs2271683","0.00239"
"NM_000090.4(COL3A1):c.1609-118A>G","rs111835500","0.00199"
"NM_000090.4(COL3A1):c.*828G>T","rs372150712","0.00194"
"NM_000090.4(COL3A1):c.*674G>A","rs190903102","0.00185"
"NM_000090.4(COL3A1):c.812G>A (p.Arg271Gln)","rs112185887","0.00176"
"NM_000090.4(COL3A1):c.2056C>G (p.Pro686Ala)","rs41263775","0.00146"
"NM_000090.4(COL3A1):c.1051-13G>A","rs371934572","0.00086"
"NM_000090.4(COL3A1):c.3938A>G (p.Lys1313Arg)","rs111840783","0.00083"
"NM_000090.4(COL3A1):c.1550C>T (p.Pro517Leu)","rs142085247","0.00080"
"NM_000090.4(COL3A1):c.*622T>C","rs572369155","0.00075"
"NM_000090.3(COL3A1):c.-118T>G","rs549951495","0.00069"
"NM_000090.4(COL3A1):c.505C>T (p.Leu169Phe)","rs111391222","0.00061"
"NM_000090.4(COL3A1):c.3202-14del","rs767971610","0.00055"
"NM_000090.4(COL3A1):c.114C>G (p.Ser38=)","rs141241764","0.00053"
"NM_000090.4(COL3A1):c.3774C>T (p.Pro1258=)","rs149790711","0.00053"
"NM_000090.4(COL3A1):c.3777T>C (p.Ala1259=)","rs34781844","0.00050"
"NM_000090.4(COL3A1):c.1476A>C (p.Gly492=)","rs111683983","0.00040"
"NM_000090.4(COL3A1):c.1815+5G>A","rs146652498","0.00034"
"NM_000090.4(COL3A1):c.3642C>A (p.Gly1214=)","rs184402915","0.00029"
"NM_000090.4(COL3A1):c.3133G>A (p.Ala1045Thr)","rs149722210","0.00027"
"NM_000090.4(COL3A1):c.1509+7A>C","rs201740954","0.00026"
"NM_000090.4(COL3A1):c.1977+9C>T","rs184223621","0.00021"
"NM_000090.4(COL3A1):c.799-11A>T","rs200148262","0.00021"
"NM_000090.4(COL3A1):c.2805T>C (p.Pro935=)","rs111567071","0.00017"
"NM_000090.4(COL3A1):c.1617C>T (p.Pro539=)","rs141091206","0.00016"
"NM_000090.4(COL3A1):c.2700C>T (p.Gly900=)","rs112164939","0.00016"
"NM_000090.4(COL3A1):c.560C>T (p.Thr187Ile)","rs371583734","0.00016"
"NM_000090.4(COL3A1):c.1697C>T (p.Pro566Leu)","rs150543864","0.00015"
"NM_000090.4(COL3A1):c.3413C>T (p.Pro1138Leu)","rs201880122","0.00014"
"NM_000090.4(COL3A1):c.4021G>A (p.Gly1341Ser)","rs140646380","0.00014"
"NM_000090.4(COL3A1):c.3537C>A (p.Gly1179=)","rs146837092","0.00012"
"NM_000090.4(COL3A1):c.226A>G (p.Asn76Asp)","rs142045411","0.00011"
"NM_000090.4(COL3A1):c.3299G>A (p.Arg1100His)","rs370069953","0.00011"
"NM_000090.4(COL3A1):c.3818A>G (p.Lys1273Arg)","rs144614075","0.00011"
"NM_000090.4(COL3A1):c.3525+19G>A","rs781061046","0.00010"
"NM_000090.4(COL3A1):c.3775G>A (p.Ala1259Thr)","rs776478974","0.00010"
"NM_000090.4(COL3A1):c.217G>C (p.Asp73His)","rs200246388","0.00009"
"NM_000090.4(COL3A1):c.2498A>G (p.Lys833Arg)","rs371344739","0.00009"
"NM_000090.4(COL3A1):c.2242G>A (p.Gly748Ser)","rs771585795","0.00008"
"NM_000090.4(COL3A1):c.3228C>T (p.Pro1076=)","rs200917999","0.00007"
"NM_000090.4(COL3A1):c.1150-13T>C","rs201839712","0.00006"
"NM_000090.4(COL3A1):c.1165A>T (p.Asn389Tyr)","rs200394946","0.00006"
"NM_000090.4(COL3A1):c.1995C>T (p.Ala665=)","rs149093989","0.00006"
"NM_000090.4(COL3A1):c.3061C>A (p.Leu1021Ile)","rs139619440","0.00006"
"NM_000090.4(COL3A1):c.3390C>T (p.Ile1130=)","rs148918486","0.00006"
"NM_000090.4(COL3A1):c.898-5T>C","rs535434618","0.00006"
"NM_000090.4(COL3A1):c.3607G>A (p.Ala1203Thr)","rs550665335","0.00005"
"NM_000090.4(COL3A1):c.1348-13T>C","rs753505868","0.00004"
"NM_000090.4(COL3A1):c.2121+18C>A","rs587780904","0.00004"
"NM_000090.4(COL3A1):c.3336T>C (p.Pro1112=)","rs749357239","0.00004"
"NM_000090.4(COL3A1):c.1662C>T (p.Pro554=)","rs373963384","0.00003"
"NM_000090.4(COL3A1):c.2022+17T>C","rs775286439","0.00003"
"NM_000090.4(COL3A1):c.2493T>C (p.Gly831=)","rs551541918","0.00003"
"NM_000090.4(COL3A1):c.3132C>T (p.Gly1044=)","rs369992399","0.00003"
"NM_000090.4(COL3A1):c.3363+21G>C","rs376559659","0.00003"
"NM_000090.4(COL3A1):c.3966G>A (p.Glu1322=)","rs560861999","0.00003"
"NM_000090.4(COL3A1):c.2110G>A (p.Glu704Lys)","rs863223362","0.00002"
"NM_000090.4(COL3A1):c.2607T>A (p.Pro869=)","rs376643618","0.00002"
"NM_000090.4(COL3A1):c.2958C>T (p.Asn986=)","rs41264441","0.00002"
"NM_000090.4(COL3A1):c.1347C>T (p.Arg449=)","rs755731385","0.00001"
"NM_000090.4(COL3A1):c.1870-14T>C","rs201315795","0.00001"
"NM_000090.4(COL3A1):c.2931+9A>T","rs752325298","0.00001"
"NM_000090.4(COL3A1):c.4011+8A>C","rs781175426","0.00001"
"NM_000090.4(COL3A1):c.4273A>G (p.Ser1425Gly)","rs1415901923","0.00001"
"NM_000090.4(COL3A1):c.508G>A (p.Ala170Thr)","rs374476865","0.00001"
"NM_000090.4(COL3A1):c.515A>C (p.Tyr172Ser)","rs771654029","0.00001"
"NM_000090.4(COL3A1):c.531C>A (p.Gly177=)","rs41272797","0.00001"
"NM_000090.4(COL3A1):c.80-13A>C","rs566189676","0.00001"
"NM_000090.4(COL3A1):c.1149+59_1149+85del","rs531947962",""
"NM_000090.4(COL3A1):c.1150-11del","rs2469127800",""
"NM_000090.4(COL3A1):c.1337G>A (p.Arg446His)","rs149852181",""
"NM_000090.4(COL3A1):c.1348-4del","rs758567906",""
"NM_000090.4(COL3A1):c.1348-4dup","rs758567906",""
"NM_000090.4(COL3A1):c.1348-5_1348-4del","rs758567906",""
"NM_000090.4(COL3A1):c.1348-5_1348-4dup","rs758567906",""
"NM_000090.4(COL3A1):c.1509+5A>G","rs572863064",""
"NM_000090.4(COL3A1):c.1662+106_1662+107del","rs1227752129",""
"NM_000090.4(COL3A1):c.1662+106_1662+109del","rs751184473",""
"NM_000090.4(COL3A1):c.1662+72GT[10]","rs112143266",""
"NM_000090.4(COL3A1):c.1662+72GT[9]","rs112143266",""
"NM_000090.4(COL3A1):c.1662+91_1662+92insAT","rs199811168",""
"NM_000090.4(COL3A1):c.1663-102_1663-99del","rs201608544",""
"NM_000090.4(COL3A1):c.1663-108_1663-99del","rs148121621",""
"NM_000090.4(COL3A1):c.1663-92AC[12]","rs141685938",""
"NM_000090.4(COL3A1):c.1663-94_1663-93insCACA","rs200204993",""
"NM_000090.4(COL3A1):c.1663-94_1663-93insCACACACA","rs200204993",""
"NM_000090.4(COL3A1):c.1663-94_1663-93insCACACACACA","rs200204993",""
"NM_000090.4(COL3A1):c.1761+172TG[3]","rs41263755",""
"NM_000090.4(COL3A1):c.1762-150ATATATATATGAGAC[4]","rs66853741",""
"NM_000090.4(COL3A1):c.1762-150ATATATATATGAGAC[5]","rs66853741",""
"NM_000090.4(COL3A1):c.2002C>A (p.Pro668Thr)","rs1801183",""
"NM_000090.4(COL3A1):c.2002C>T (p.Pro668Ser)","rs1801183",""
"NM_000090.4(COL3A1):c.2242_2244delinsAGC (p.Gly748Ser)","rs794728037",""
"NM_000090.4(COL3A1):c.2490G>A (p.Pro830=)","rs777361888",""
"NM_000090.4(COL3A1):c.2723C>T (p.Ala908Val)","rs144036995",""
"NM_000090.4(COL3A1):c.3039+16del","",""
"NM_000090.4(COL3A1):c.3040-7dup","rs1289904509",""
"NM_000090.4(COL3A1):c.3202-188C>T","rs10191859",""
"NM_000090.4(COL3A1):c.3202-9dup","rs2469159344",""
"NM_000090.4(COL3A1):c.3255+107AT[15]","rs36195651",""
"NM_000090.4(COL3A1):c.3255+107AT[20]","rs36195651",""
"NM_000090.4(COL3A1):c.3255+107AT[9]","rs36195651",""
"NM_000090.4(COL3A1):c.3255+172GATA[10]","rs60243485",""
"NM_000090.4(COL3A1):c.3255+172GATA[11]","rs60243485",""
"NM_000090.4(COL3A1):c.3255+172GATA[5]","rs60243485",""
"NM_000090.4(COL3A1):c.3255+172GATA[9]","rs60243485",""
"NM_000090.4(COL3A1):c.3255+19dup","rs1246347975",""
"NM_000090.4(COL3A1):c.334-14dup","",""
"NM_000090.4(COL3A1):c.3824-13dup","rs1459588414",""
"NM_000090.4(COL3A1):c.4254+79T>G","rs3768660",""
"NM_000090.4(COL3A1):c.528+227dup","rs200811296",""
"NM_000090.4(COL3A1):c.799-6del","rs767927599",""
"NM_000090.4(COL3A1):c.80-4del","rs1064795869",""
"NM_000090.4(COL3A1):c.996+94TA[6]","rs112545975",""
